<?xml version="1.0" encoding="UTF-8"?>
<Export generator="Cache" version="22" zv="Cache for Windows (x86-32) 2009.1 (Build 359U)" ts="2009-04-24 15:32:20">
<Routine name="PrintParties" type="MAC" languagemode="0" timestamp="59485,65849"><![CDATA[
a() {
	Set party=##class(Sample.Party).%OpenId(18)
	Do party.PrintName(0)

}
]]></Routine>


<Class name="Sample.Department">
<ClassType>persistent</ClassType>
<ProcedureBlock>1</ProcedureBlock>
<Super>Sample.Party</Super>
<TimeChanged>61475,55521.262519</TimeChanged>
<TimeCreated>59997,70883.006758</TimeCreated>

<Projection name="JavaProjection1">
<Type>%Projection.Java</Type>
</Projection>

<Property name="Parties">
<Type>Party</Type>
<Collection>list</Collection>
<Parameter name="JAVATYPE" value="java.util.List"/>
</Property>

<Method name="BuildNameList">
<FormalSpec>LOD:%ListOfDataTypes(JAVATYPE="java.util.List")</FormalSpec>
<ReturnType>%ListOfDataTypes</ReturnType>
<ReturnTypeParams>JAVATYPE="java.util.List"</ReturnTypeParams>
<Implementation><![CDATA[
 if '$IsObject(LOD) {
   set LOD = ##class(%ListOfDataTypes).%New()
 }
 
 Do LOD.Insert(..Name)	
 For i=1:1:..Parties.Count() {
     Set LOD = ..Parties.GetAt(i).BuildNameList(LOD)
 }
 Quit LOD
]]></Implementation>
</Method>

<Method name="PrintName">
<FormalSpec>tab:%Integer</FormalSpec>
<Implementation><![CDATA[
 Write ?tab,"Departmentの名前は ",..Name,!
 For i=1:1:..Parties.Count() {
     Do ..Parties.GetAt(i).PrintName(tab+5)
 }
]]></Implementation>
</Method>

<Method name="SubNodes">
<ReturnType>%ListOfObjects</ReturnType>
<ReturnTypeParams>JAVATYPE="java.util.List"</ReturnTypeParams>
<Implementation><![CDATA[	Quit ..Parties
]]></Implementation>
</Method>

<Storage name="Default">
<Type>%Library.CacheStorage</Type>
<DefaultData>DepartmentDefaultData</DefaultData>
<Data name="DepartmentDefaultData">
<Structure>listnode</Structure>
<Subscript>"Department"</Subscript>
<Value name="1">
<Value>Parties</Value>
</Value>
</Data>
</Storage>
</Class>


<Class name="Sample.Employee">
<ClassType>persistent</ClassType>
<ProcedureBlock>1</ProcedureBlock>
<Super>Sample.Party</Super>
<TimeChanged>61475,55645.813326</TimeChanged>
<TimeCreated>59997,70883.034328</TimeCreated>

<Projection name="JavaProjection1">
<Type>%Projection.Java</Type>
</Projection>

<Method name="PrintName">
<FormalSpec>tab:%Integer</FormalSpec>
<Implementation><![CDATA[
 write ?tab,"Employeeの名前は、",..Name,!
 Quit
]]></Implementation>
</Method>

<Method name="BuildNameList">
<FormalSpec>LOD:%ListOfDataTypes(JAVATYPE="java.util.List")</FormalSpec>
<ReturnType>%ListOfDataTypes</ReturnType>
<ReturnTypeParams>JAVATYPE="java.util.List"</ReturnTypeParams>
<Implementation><![CDATA[
 if '$IsObject(LOD) {
   set LOD = ##class(%ListOfDataTypes).%New()
 }
 
 Do LOD.Insert(..Name)	
 Quit LOD
]]></Implementation>
</Method>

<Storage name="Default">
<Type>%Library.CacheStorage</Type>
</Storage>
</Class>


<Class name="Sample.Party">
<Abstract>0</Abstract>
<ClassType>persistent</ClassType>
<ProcedureBlock>1</ProcedureBlock>
<Super>%Persistent,%Populate,%XML.Adaptor</Super>
<TimeChanged>61475,54562.930284</TimeChanged>
<TimeCreated>59997,70883.045874</TimeCreated>

<Projection name="JavaProjection1">
<Type>%Projection.Java</Type>
<Parameter name="ROOTDIR"/>
</Projection>

<Property name="Name">
<Type>%String</Type>
<Parameter name="TRUNCATE" value="1"/>
</Property>

<Method name="BuildNameList">
<FormalSpec>LOD:%ListOfDataTypes(JAVATYPE="java.util.List")</FormalSpec>
<ReturnType>%ListOfDataTypes</ReturnType>
<ReturnTypeParams>JAVATYPE="java.util.List"</ReturnTypeParams>
<Implementation><![CDATA[
	set LOD = ##class(%ListOfDataTypes).%New()
	Quit LOD
]]></Implementation>
</Method>

<Method name="PrintName">
<FormalSpec>tab:%Integer</FormalSpec>
</Method>

<Method name="SubNodes">
<ReturnType>%ListOfObjects</ReturnType>
<ReturnTypeParams>JAVATYPE="java.util.List"</ReturnTypeParams>
<Implementation><![CDATA[
	Set nullnodes = ##class(%Library.ListOfObjects).%New()
	Quit nullnodes
]]></Implementation>
</Method>

<Storage name="Default">
<Type>%Library.CacheStorage</Type>
<DataLocation>^Sample.PartyD</DataLocation>
<DefaultData>PartyDefaultData</DefaultData>
<IdLocation>^Sample.PartyD</IdLocation>
<IndexLocation>^Sample.PartyI</IndexLocation>
<StreamLocation>^Sample.PartyS</StreamLocation>
<Data name="PartyDefaultData">
<Structure>listnode</Structure>
<Subscript/>
<Value name="1">
<Value>%%CLASSNAME</Value>
</Value>
<Value name="2">
<Value>Name</Value>
</Value>
</Data>
</Storage>
</Class>


<Global>
<Node><Sub>^Sample.PartyD</Sub>
<Data>18</Data>
<Node><Sub>1</Sub>
<DataBase64>FQF+U2FtcGxlLkRlcGFydG1lbnR+EgLHMNAwpDC5MItObWksZ+iQ
</DataBase64>
<Node><Sub>Department</Sub>
<DataBase64>DAEFAQMBMwUBAwE0
</DataBase64>
</Node>
</Node>
<Node><Sub>2</Sub>
<DataBase64>FQF+U2FtcGxlLkRlcGFydG1lbnR+FgK9MNUwyDCmMKcwojCLTm1pLGfokA==
</DataBase64>
<Node><Sub>Department</Sub>
<DataBase64>DAEFAQMBNQUBAwE2
</DataBase64>
</Node>
</Node>
<Node><Sub>3</Sub>
<DataBase64>FQF+U2FtcGxlLkRlcGFydG1lbnR+DgJKUw5cU0/9iCCQ6JA=
</DataBase64>
<Node><Sub>Department</Sub>
<DataBase64>DAEFAQMBOAUBAwE5
</DataBase64>
</Node>
</Node>
<Node><Sub>4</Sub>
<DataBase64>FQF+U2FtcGxlLkRlcGFydG1lbnR+DgJKUw5cU0+2VW1p6JA=
</DataBase64>
<Node><Sub>Department</Sub>
<DataBase64>DgEGAQQBMTAGAQQBMTE=
</DataBase64>
</Node>
</Node>
<Node><Sub>5</Sub>
<DataBase64>FQF+U2FtcGxlLkRlcGFydG1lbnR+FAK9MNUwyDCmMKcwojCLlXp26JA=
</DataBase64>
<Node><Sub>Department</Sub>
<DataBase64>DgEGAQQBMTIGAQQBMTM=
</DataBase64>
</Node>
</Node>
<Node><Sub>6</Sub>
<DataBase64>FQF+U2FtcGxlLkRlcGFydG1lbnR+FAK9MNUwyDCmMKcwojAcaftn6JA=
</DataBase64>
<Node><Sub>Department</Sub>
<DataBase64>DgEGAQQBMTQGAQQBMTU=
</DataBase64>
</Node>
</Node>
<Node><Sub>7</Sub>
<DataBase64>FQF+U2FtcGxlLkRlcGFydG1lbnR+FAK9MNUwyDCmMKcwojC2VW1p6JA=
</DataBase64>
<Node><Sub>Department</Sub>
<DataBase64>DgEGAQQBMTYGAQQBMTc=
</DataBase64>
</Node>
</Node>
<Node><Sub>8</Sub>
<DataBase64>EwF+U2FtcGxlLkVtcGxveWVlfggC0ZGibFaX
</DataBase64>
</Node>
<Node><Sub>9</Sub>
<DataBase64>EwF+U2FtcGxlLkVtcGxveWVlfgoC0ZFQWy1mCU4=
</DataBase64>
</Node>
<Node><Sub>10</Sub>
<DataBase64>EwF+U2FtcGxlLkVtcGxveWVlfggC3V0OXYhb
</DataBase64>
</Node>
<Node><Sub>11</Sub>
<DataBase64>EwF+U2FtcGxlLkVtcGxveWVlfgwCb2ZxXI5/MXUAfQ==
</DataBase64>
</Node>
<Node><Sub>12</Sub>
<DataBase64>EwF+U2FtcGxlLkVtcGxveWVlfggCdYTpZdeC
</DataBase64>
</Node>
<Node><Sub>13</Sub>
<DataBase64>EwF+U2FtcGxlLkVtcGxveWVlfgoC0n25ZTF1AH0=
</DataBase64>
</Node>
<Node><Sub>14</Sub>
<DataBase64>EwF+U2FtcGxlLkVtcGxveWVlfggCoVxRZ2Nr
</DataBase64>
</Node>
<Node><Sub>15</Sub>
<DataBase64>EwF+U2FtcGxlLkVtcGxveWVlfgoCLU5RZ0JmxJY=
</DataBase64>
</Node>
<Node><Sub>16</Sub>
<DataBase64>EwF+U2FtcGxlLkVtcGxveWVlfgwComyVTn4waTBLMA==
</DataBase64>
</Node>
<Node><Sub>17</Sub>
<DataBase64>EwF+U2FtcGxlLkVtcGxveWVlfgoCjF/khWVQjE4=
</DataBase64>
</Node>
<Node><Sub>18</Sub>
<DataBase64>FQF+U2FtcGxlLkRlcGFydG1lbnR+EAK1MMsw/DAqaA9fGk8+eQ==
</DataBase64>
<Node><Sub>Department</Sub>
<DataBase64>DAEFAQMBMQUBAwEy
</DataBase64>
</Node>
</Node>
</Node>
</Global>
</Export>
