<?xml version="1.0" encoding="UTF-8"?>
<pivot xmlns="http://www.intersystems.com/deepsee/library" name="TopSales5" folderName="PM" title="" description="" keywords="" owner="" shared="true" public="false" locked="false" resource="" timeCreated="2014-11-26T01:18:36.9Z" createdBy="UnknownUser" category="" bookCover="" mdx="" cellWidth="120" columnHeaderStyle="" rowHeaderStyle="" cellStyle="" rowLabelSpan="true" columnLabelSpan="true" cellHeight="22" showEmptyRows="false" showEmptyColumns="false" cubeName="ProjectCube" caption="" listing="" listingRows="" showStatus="true" pageSize="100" colorScale="" rowTotals="false" columnTotals="false" rowTotalAgg="sum" columnTotalAgg="sum" rowTotalSource="page" showZebra="false" showRowCaption="true" printTitle="" printSubtitle="" printSubtitleOn="" showUser="" printPageSize="" printOrientation="1" printMarginTop="" printMarginLeft="" printMarginRight="" printMarginBottom="" printLabelWidth="" printCellWidth="" autoExecute="true" manualMode="false" userMDX="" chartMarginTop="" chartMarginLeft="" chartMarginRight="" chartMarginBottom="" maxRows="" borderLeftCell="" borderRightCell="" borderTopCell="" borderBottomCell="" borderLeftCol="" borderRightCol="" borderTopCol="" borderBottomCol="" borderLeftRow="" borderRightRow="" borderTopRow="" borderBottomRow="" showFilters="" showListingFilters="" showDate="" listingFontSize="" showZebraStripes="" filterTableStyle="" filterTableCaptionStyle="" filterTableItemStyle="" nowDisplayFormat="" measureLocation="columns" backgroundImage="" backgroundOpacity=".12">
  <rowAxisOptions spec="" key="" value="" text="" headEnabled="true" headCount="5" filterEnabled="false" filterExpression="" orderEnabled="true" orderExpression="Measures.[OrderAmount]" orderDirection="BDESC" aggEnabled="false" aggFunction="" aggFunctionParm="" levelCaption="" levelFormat="" levelSummary="" levelType="" drillLevel="0" advanced="false" levelStyle="" levelHeaderStyle="" suppress8020="false" drilldownSpec="" enabled="true">
  </rowAxisOptions>
  <columnAxisOptions spec="" key="" value="" text="" headEnabled="false" headCount="" filterEnabled="false" filterExpression="" orderEnabled="false" orderExpression="" orderDirection="BDESC" aggEnabled="false" aggFunction="" aggFunctionParm="" levelCaption="" levelFormat="" levelSummary="" levelType="" drillLevel="0" advanced="false" levelStyle="" levelHeaderStyle="" suppress8020="false" drilldownSpec="" enabled="true">
  </columnAxisOptions>
  <rowLevel spec="[CustomerName].[H1].[CustomerName].Members" key="" value="" text="CustomerName" headEnabled="false" headCount="" filterEnabled="false" filterExpression="" orderEnabled="false" orderExpression="" orderDirection="BDESC" aggEnabled="false" aggFunction="" aggFunctionParm="" levelCaption="" levelFormat="" levelSummary="" levelType="" drillLevel="0" advanced="false" levelStyle="" levelHeaderStyle="" suppress8020="false" drilldownSpec="" enabled="true">
  </rowLevel>
  <measure spec="[Measures].[OrderAmount]" key="" value="" text="OrderAmount" headEnabled="false" headCount="" filterEnabled="false" filterExpression="" orderEnabled="false" orderExpression="" orderDirection="BDESC" aggEnabled="false" aggFunction="" aggFunctionParm="" levelCaption="" levelFormat="" levelSummary="" levelType="" drillLevel="0" advanced="false" levelStyle="" levelHeaderStyle="" suppress8020="false" drilldownSpec="" enabled="true">
  </measure>
</pivot>