<?xml version="1.0" encoding="UTF-8"?>
<Export generator="Cache" version="25" zv="Cache for Windows (x86-64) 2017.2 (Build 741U)" ts="2018-02-07 12:04:38">
<Class name="Graph.FF">
<IncludeCode>%occErrors</IncludeCode>
<Super>%SQL.CustomResultSet</Super>
<TimeChanged>64455,44887.781792</TimeChanged>
<TimeCreated>64454,56276.236225</TimeCreated>

<UDLText name="T">
<Content><![CDATA[
// 

]]></Content>
</UDLText>

<Property name="Name">
<Description>
Friend of Friendを検索するカスタムクエリー</Description>
<Type>%String</Type>
</Property>

<Property name="FF">
<Description>
Friend Of Friend</Description>
<Type>%String</Type>
</Property>

<Property name="Zid">
<Description>
行番号カウンター</Description>
<Type>%Integer</Type>
<Private>1</Private>
</Property>

<Method name="FF">
<ClassMethod>1</ClassMethod>
<FormalSpec>pName:%String</FormalSpec>
<ReturnType>%Status</ReturnType>
<SqlName>Friend_Of_Friend</SqlName>
<SqlProc>1</SqlProc>
<ReturnResultsets>1</ReturnResultsets>
<Implementation><![CDATA[
	#dim %sqlcontext as %Library.ProcedureContext
	
	try {
		if '$Isobject($Get(%sqlcontext)) { set %sqlcontext = ##class(%Library.ProcedureContext).%New() }
			#; 第一引数はSELECTMODE。 デフォルトはプロセスの現在設定($system.SQL.GetSelectMode())。
		set tResult = ..%New(,pName)
		do %sqlcontext.AddResultSet(tResult)
	}
	catch tException {
		if '$Isobject($Get(%sqlcontext)) { set %sqlcontext = ##class(%Library.ProcedureContext).%New() }
		if tException.%IsA("%Exception.SQL") { set ..%SQLCODE = tException.Code, ..%Message = tException.Data }
		elseif tException.%IsA("%Exception.StatusException") { if (tException.Code = $$$SQLError) || (tException.Code = $$$SQLCode) 
		{ set ..%SQLCODE = $Listget(tException.Data,1), ..%Message = $Listget(tException.Data,2) } }
		else { set %sqlcontext.%SQLCODE = -400, %sqlcontext.%Message = "クエリー実行中に例外発生: " _ tException.Name_":"_tException.Data }
	}
	quit $$$OK
]]></Implementation>
</Method>

<Method name="%OpenCursor">
<FormalSpec>Name:%String</FormalSpec>
<ReturnType>%Library.Status</ReturnType>
<Implementation><![CDATA[
	
    set name = Name
    set id = ""
    Set counter = 0
    Set ..Zid = 0
    // 結果セットを一時的に保存するためにローカル変数（%付きはパブリック変数にする簡便な方法　本来は%変数はInterSystemsの予約変数であるため使用は非推奨）
　　　// 容量が増大する場合を考慮してPPGの使用が推奨されるが、ここではスピード優先でローカル変数を使用
    Kill %FF
    
    For {
      Set id = $Order(^Person("NameIndex",name,id))
      If id = "" Quit

      Set friendid = ""

      For {
        Set friendid = $Order(^Person(id,"Friend",friendid))
        If friendid = "" Quit
        Set friendid2 = ""
        For {
          Set friendid2 = $Order(^Person(friendid,"Friend",friendid2))
          If friendid2 = "" Quit
          If $Data(%FF(id,friendid2)) Continue
          Set %FF($increment(counter))=$ListBuild(^Person(id,"Name"),$List(^Graph.PersonD(friendid2),2))
        } 
      }
    }
	quit $$$OK
]]></Implementation>
</Method>

<Method name="%Next">
<Description>
次の行に結果セットを進める。 結果セットのカーソルが最後の時には0を返す</Description>
<FormalSpec><![CDATA[&sc:%Library.Status]]></FormalSpec>
<PlaceAfter>%Execute</PlaceAfter>
<ReturnType>%Library.Integer</ReturnType>
<Implementation><![CDATA[
    Set id = ..Zid
    Set id = $Order(%FF(id))
    If id = "" Quit '$$$OK
    If ($ListLength(%FF(id)) < 2) quit '$$$OK
    Set ..Name = $List(%FF(id),1)
    Set ..FF = $List(%FF(id),2)
	Set ..%ROWCOUNT = ..%ROWCOUNT + 1
	Set ..Zid = id
	quit $$$OK
]]></Implementation>
</Method>

<Method name="%CloseCursor">
<Description>
終了時にクリーンアップ</Description>
<ReturnType>%Status</ReturnType>
<Implementation><![CDATA[
	Kill %FF
	Quit $$$OK
]]></Implementation>
</Method>
</Class>


<Class name="Graph.FFF">
<IncludeCode>%occErrors</IncludeCode>
<Super>%SQL.CustomResultSet</Super>
<TimeChanged>64455,44795.928066</TimeChanged>
<TimeCreated>64454,64576.610404</TimeCreated>

<UDLText name="T">
<Content><![CDATA[
// 

]]></Content>
</UDLText>

<Property name="Name">
<Description>
Friend of Friend of Friendを検索するカスタムクエリー</Description>
<Type>%String</Type>
</Property>

<Property name="FFF">
<Description>
Friend Of Friend Of Friend</Description>
<Type>%String</Type>
</Property>

<Property name="Zid">
<Description>
行番号カウンター</Description>
<Type>%Integer</Type>
<Private>1</Private>
</Property>

<Method name="FFF">
<ClassMethod>1</ClassMethod>
<FormalSpec>pName:%String</FormalSpec>
<ReturnType>%Status</ReturnType>
<SqlName>Friend_Of_Friend_Of_Friend</SqlName>
<SqlProc>1</SqlProc>
<ReturnResultsets>1</ReturnResultsets>
<Implementation><![CDATA[
	#dim %sqlcontext as %Library.ProcedureContext
	
	try {
		if '$Isobject($Get(%sqlcontext)) { set %sqlcontext = ##class(%Library.ProcedureContext).%New() }
			#; 第一引数はSELECTMODE。 デフォルトはプロセスの現在設定($system.SQL.GetSelectMode())。
		set tResult = ..%New(,pName)
		do %sqlcontext.AddResultSet(tResult)
	}
	catch tException {
		if '$Isobject($Get(%sqlcontext)) { set %sqlcontext = ##class(%Library.ProcedureContext).%New() }
		if tException.%IsA("%Exception.SQL") { set ..%SQLCODE = tException.Code, ..%Message = tException.Data }
		elseif tException.%IsA("%Exception.StatusException") { if (tException.Code = $$$SQLError) || (tException.Code = $$$SQLCode) 
		{ set ..%SQLCODE = $Listget(tException.Data,1), ..%Message = $Listget(tException.Data,2) } }
		else { set %sqlcontext.%SQLCODE = -400, %sqlcontext.%Message = "クエリー実行中に例外発生: " _ tException.Name_":"_tException.Data }
	}
	quit $$$OK
]]></Implementation>
</Method>

<Method name="%OpenCursor">
<FormalSpec>Name:%String</FormalSpec>
<ReturnType>%Library.Status</ReturnType>
<Implementation><![CDATA[
	
    set name = Name
    set id = ""
    Set counter = 0
    Set ..Zid = 0
    // 結果セットを一時的に保存するためにローカル変数（%付きはパブリック変数にする簡便な方法　本来は%変数はInterSystemsの予約変数であるため使用は非推奨）
　　　// 容量が増大する場合を考慮してPPGの使用が推奨されるが、ここではスピード優先でローカル変数を使用
    Kill %FF
    
    For {
      Set id = $Order(^Person("NameIndex",name,id))
      If id = "" Quit

      Set friendid = ""

      For {
        Set friendid = $Order(^Person(id,"Friend",friendid))
        If friendid = "" Quit
        Set friendid2 = ""
        For {
          Set friendid2 = $Order(^Person(friendid,"Friend",friendid2))
          If friendid2 = "" Quit
          Set friendid3 = ""
          For {
            Set friendid3 = $Order(^Person(friendid2,"Friend",friendid3))
            If friendid3 = "" Quit
            If $Data(%FF(id,friendid3)) Continue
            Set %FF($increment(counter))=$ListBuild(^Person(id,"Name"),$List(^Graph.PersonD(friendid3),2))
          }
        } 
      }
    }
	quit $$$OK
]]></Implementation>
</Method>

<Method name="%Next">
<Description>
次の行に結果セットを進める。 結果セットのカーソルが最後の時には0を返す</Description>
<FormalSpec><![CDATA[&sc:%Library.Status]]></FormalSpec>
<PlaceAfter>%Execute</PlaceAfter>
<ReturnType>%Library.Integer</ReturnType>
<Implementation><![CDATA[
    Set status = $$$OK
    Set id = ..Zid
    Set id = $Order(%FF(id))
    If id = "" Quit '$$$OK
    Set ..Name = $List(%FF(id),1)
    Set ..FFF = $List(%FF(id),2)
	Set ..%ROWCOUNT = ..%ROWCOUNT + 1
	Set ..Zid = id
	Quit status
]]></Implementation>
</Method>

<Method name="%CloseCursor">
<Description>
終了時にクリーンアップ</Description>
<ReturnType>%Status</ReturnType>
<Implementation><![CDATA[
	Kill %FF
	Quit $$$OK
]]></Implementation>
</Method>
</Class>


<Class name="Graph.Person">
<Super>%Persistent,%Populate</Super>
<TimeChanged>64685,48563.503664</TimeChanged>
<TimeCreated>64453,57728.29202</TimeCreated>

<Property name="Name">
<Type>%String</Type>
<Parameter name="POPSPEC" value="##Class(Sample.PopulateUtils).Name()"/>
</Property>

<Index name="NameIndex1">
<Properties>Name</Properties>
<Unique>1</Unique>
</Index>

<Method name="CreatePersonGraph">
<ClassMethod>1</ClassMethod>
<ReturnType>%Status</ReturnType>
<Implementation><![CDATA[
    set node = ""
    For {
     Set node = $Order(^Graph.PersonFriendD(node))
     If node = "" Quit
     
     Set record = ^Graph.PersonFriendD(node)
     Set id = $List(record,2)
     Set friendid = $List(record,3)
     
     Set name = $List($Get(^Graph.PersonD(id)),2)
     
     Set ^Person(id,"Name") = name
     Set ^Person("NameIndex",name,id) = ""
     Set ^Person(id,"Friend",friendid) = ""
 
    }
]]></Implementation>
</Method>

<Method name="Setup">
<ClassMethod>1</ClassMethod>
<ReturnType>%Status</ReturnType>
<Implementation><![CDATA[
	do ##class(Graph.PersonFriend).Populate(100)

	do ..CreatePersonGraph()
	
	quit $$$OK
]]></Implementation>
</Method>

<Storage name="Default">
<Type>%Library.CacheStorage</Type>
<DataLocation>^Graph.PersonD</DataLocation>
<DefaultData>PersonDefaultData</DefaultData>
<IdLocation>^Graph.PersonD</IdLocation>
<IndexLocation>^Graph.PersonI</IndexLocation>
<StreamLocation>^Graph.PersonS</StreamLocation>
<Data name="PersonDefaultData">
<Value name="1">
<Value>%%CLASSNAME</Value>
</Value>
<Value name="2">
<Value>Name</Value>
</Value>
</Data>
</Storage>
</Class>


<Class name="Graph.PersonFriend">
<Super>%Persistent,%Library.Populate</Super>
<TimeChanged>64685,46807.664282</TimeChanged>
<TimeCreated>64453,63596.548418</TimeCreated>

<Property name="PersonId">
<Type>%Integer</Type>
</Property>

<Property name="FriendId">
<Type>%Integer</Type>
</Property>

<Index name="PersonIdIndex">
<Properties>PersonId</Properties>
</Index>

<Index name="FriendIdIndex">
<Properties>FriendId</Properties>
</Index>

<Method name="OnPopulate">
<ReturnType>%Status</ReturnType>
<Implementation><![CDATA[
	Set id1=$R($Get(^Graph.PersonD))+1
	Set id2=$R($Get(^Graph.PersonD))+1
	If (id1 = id2) Quit '$$$OK
	If $Get(^Graph.PersonD(id1))="" {
	   Quit '$$$OK
	}
	If $Get(^Graph.PersonD(id2))="" {
	   Quit '$$$OK
	   }
	Set ..PersonId = id1
	Set ..FriendId = id2
	QUIT $$$OK
]]></Implementation>
</Method>

<Storage name="Default">
<Type>%Library.CacheStorage</Type>
<DataLocation>^Graph.PersonFriendD</DataLocation>
<DefaultData>PersonFriendDefaultData</DefaultData>
<IdLocation>^Graph.PersonFriendD</IdLocation>
<IndexLocation>^Graph.PersonFriendI</IndexLocation>
<StreamLocation>^Graph.PersonFriendS</StreamLocation>
<ExtentSize>31461</ExtentSize>
<Data name="PersonFriendDefaultData">
<Value name="1">
<Value>%%CLASSNAME</Value>
</Value>
<Value name="2">
<Value>PersonId</Value>
</Value>
<Value name="3">
<Value>FriendId</Value>
</Value>
</Data>
<Property name="%%CLASSNAME">
<Selectivity>0.0132%</Selectivity>
<OutlierSelectivity>.998684:</OutlierSelectivity>
<AverageFieldSize>1</AverageFieldSize>
</Property>
<Property name="%%ID">
<Selectivity>1</Selectivity>
<AverageFieldSize>4.64</AverageFieldSize>
</Property>
<Property name="FriendId">
<Selectivity>0.0086%</Selectivity>
<AverageFieldSize>3.85</AverageFieldSize>
</Property>
<Property name="PersonId">
<Selectivity>0.0161%</Selectivity>
<AverageFieldSize>3.86</AverageFieldSize>
</Property>
<SQLMap name="FriendIdIndex">
<BlockCount>-156</BlockCount>
</SQLMap>
<SQLMap name="IDKEY">
<BlockCount>-276</BlockCount>
</SQLMap>
<SQLMap name="PersonIdIndex">
<BlockCount>-160</BlockCount>
</SQLMap>
</Storage>
</Class>


<Class name="Sample.PopulateUtils">
<ClassType/>
<ProcedureBlock>1</ProcedureBlock>
<Super>%RegisteredObject</Super>
<TimeChanged>63217,57806.947573</TimeChanged>
<TimeCreated>59460,82229.802088</TimeCreated>

<Method name="City">
<Description>
Returns a random city name.</Description>
<ClassMethod>1</ClassMethod>
<ReturnType>%String</ReturnType>
<Implementation><![CDATA[
 s t1=$lb("大阪市","札幌市","仙台市","大宮市","金沢市","横浜市","川崎市","福岡市","広島市","佐賀市","熊本市","松山市","鹿児島市","山口市","徳山市","岡山市","神戸市","京都市","福知山市","川西市","宝塚市","西宮市","池田市","豊中市","大阪市","奈良市")
 Quit $li(t1,$r($ll(t1))+1)
]]></Implementation>
</Method>

<Method name="Company">
<Description>
Returns a random company name.</Description>
<ClassMethod>1</ClassMethod>
<ReturnType>%String</ReturnType>
<Implementation><![CDATA[
 Set c1=$LB("住井","三友","ＮＴＳ","丸田","タクト","電金","新光","出光","アオキ","東川","富士","ディジタル","コスモ","プライス","暗電","総芝","つばさ","ラックス","東経","セコミ","ビーエスシ","SES","IDGG","小文社","ミック","高地歩","ストラテス")
 Set c2=$LB("商事","証券","銀行","損保","製造","機械","石油","情報","研究所","サービス","医療システム","ジャパン","システムズ","コミュニケーションズ","データ","ウェア","総業","工業","建設","技研","薬品")
 Set c3=$LB(" 株式会社"," 有限会社")
 Quit $LI(c1,$Random($LL(c1))+1)_$LI(c2,$random($LL(c2))+1)_$LI(c3,$random($LL(c3))+1)
]]></Implementation>
</Method>

<Method name="Watch">
<Description>
Returns a random company name.</Description>
<ClassMethod>1</ClassMethod>
<ReturnType>%String</ReturnType>
<Implementation><![CDATA[
 Set c1=$LB("オメガ","ロレックス","ブライトニング","シャネル","ブルガリ","セイコー","シチズン","カルティエ","オートプマゲ","パネライ")
 Set c2=$LB(" 1999 Model"," 2000 Model"," 2001 Model"," 2002 Model"," 2003 Model"," 2004 Model"," 2005 Model"," 2006 Model"," 2007 Model"," 2008 Model"," 2009 Model")
 Quit $LI(c1,$Random($LL(c1))+1)_$LI(c2,$random($LL(c2))+1)
]]></Implementation>
</Method>

<Method name="Jewel">
<ClassMethod>1</ClassMethod>
<ReturnType>%String</ReturnType>
<Implementation><![CDATA[
 Set c1=$LB("D","S","E","R","P","K","C")
 Set c2=$LB(" 2000"," 2001"," 2002"," 2003"," 2004"," 2005"," 2006"," 2007"," 2008"," 2009"," 2010")
 Quit $LI(c1,$Random($LL(c1))+1)_$LI(c2,$random($LL(c2))+1)
]]></Implementation>
</Method>

<Method name="MadeOf">
<ClassMethod>1</ClassMethod>
<ReturnType>%String</ReturnType>
<Implementation><![CDATA[
 Set c=$LB("ダイヤ","サファイア","エメラルド","ルビー","真珠","琥珀","水晶")
 Quit $LI(c,$Random($LL(c))+1)
]]></Implementation>
</Method>

<Method name="Currency">
<Description><![CDATA[
Returns a random currency value between <var>min</var> 
and <var>max</var> (if present).]]></Description>
<ClassMethod>1</ClassMethod>
<FormalSpec>min:%Integer=0,max:%Integer=10000000</FormalSpec>
<ReturnType>%Integer</ReturnType>
<Implementation><![CDATA[ Quit ##class(%PopulateUtils).Float(min,max,4)
]]></Implementation>
</Method>

<Method name="FirstName">
<Description><![CDATA[
Returns a string containing a random first name.
<p><var>gender</var> is a optional string used to control the 
gender of the generated name: 1 is Male, 2 = Female, "" is either.]]></Description>
<ClassMethod>1</ClassMethod>
<FormalSpec>gender:%String=""</FormalSpec>
<ReturnType>%String</ReturnType>
<Implementation><![CDATA[
 #; gender is 1:MALE,2:FEMALE
 s:$g(gender)="" gender=$r(2)+1
 If (gender = 1) {
 Set list = $LB("博康","新太郎","俊哉","実","一二三","俊夫",
 "幹夫","正行","渉","雅夫","誠一","博史",
 "直弘","孝雄","茂","徹",
 "雄三","道元","聡","弘明","敏明","信昭",
 "良成","哲治","芳郎","俊介","操",
 "英明","道夫","康之","仁孝","浩二郎","和彦",
 "一成","道裕","亮","武","英之","勝一郎",
 "哲郎","秀和","幸博","豊","道男","司","徹冶",
 "高志","昭","明雄","義彦","清司","保之",
 "徹也","勇","幸太郎","勝","信弘",
 "達也","勝彦","亮一","敏哉","寛文","照美",
 "克郎","貴英","正夫","崇","克道",
 "誠一","正一","孝","公人","泰久")
 }
 Else {
 Set list = $lb("茜","明子","晶子","あずみ","麻美",
 "泉","いずみ","ひとえ","仁美",
 "瞳","日登美","美穂","美保",
 "香織","和美","一美","馨","エミリ","エミ","恵美",
 "紀子","規子","由紀","雪","孝子","貴子","敏子",
 "俊子","恵","恵美","愛","藍","三咲",
 "美咲","みどり","みさえ","由紀子",
 "由貴","裕香","かなえ","幸子","祥子",
 "早苗","綾","彩","恵理子","エリカ",
 "江美","博美","浩美",
 "智子","友子","真紀","真樹","昌枝",
 "正枝","静江","順子","淳子","雅子","恭子",
 "京子","秀美","秀美",
 "伊代","千恵美","智恵美","洋子","陽子","静香","京香","千春")
 }
 Quit $LI(list,$Random($LL(list))+1)
]]></Implementation>
</Method>

<Method name="Float">
<Description><![CDATA[
Returns a random floating point value between <var>min</var> 
and <var>max</var> (if present).]]></Description>
<ClassMethod>1</ClassMethod>
<FormalSpec>min:%Integer=0,max:%Integer=100000000,scale:%Integer=0</FormalSpec>
<ReturnType>%Integer</ReturnType>
<Implementation><![CDATA[
 s float=min+$Random(max-min+1)
 q $s((float<max)&scale:+(float_"."_$Random(scalemax+1)),1:float)
]]></Implementation>
</Method>

<Method name="Integer">
<Description><![CDATA[
Returns a random integer value between <var>min</var> 
and <var>max</var> (if present).]]></Description>
<ClassMethod>1</ClassMethod>
<FormalSpec>min:%Integer=0,max:%Integer=10000</FormalSpec>
<ReturnType>%Integer</ReturnType>
<Implementation><![CDATA[
 If min>max Quit 0
 Quit min+$Random(max-min+1)
]]></Implementation>
</Method>

<Method name="LastName">
<Description>
Returns a string containing a random last name.</Description>
<ClassMethod>1</ClassMethod>
<ReturnType>%String</ReturnType>
<Implementation><![CDATA[
 Set x = $R(26)+1
 If (x = 1) 	{ Set list = $LB("伊藤","安部","梅田","石川","宇高") }
 ElseIf (x = 2)	{ Set list = $LB("大崎","江原","安藤","榎本","荒川","大田","上村","大谷","石丸","大野","小島","長田") }
 ElseIf (x = 3)	{ Set list = $LB("大林","石橋","石田","鬼塚","岩島","井口","小笠原","内野","大沢","岡本","上田","石村","小倉") }
 ElseIf (x = 4)	{ Set list = $LB("有海","井村","梅沢","大島","井上","上田","奥山","大幡","宇津木") }
 ElseIf (x = 5)	{ Set list = $LB("阿部","岩淵","荒川","大原","赤羽","新井","板谷") }
 ElseIf (x = 6)	{ Set list = $LB("金子","川島","河野","金沢","川越","川下") }
 ElseIf (x = 7)	{ Set list = $LB("甲斐","久保","小林","児玉","木内","亀谷","川原") }
 ElseIf (x = 8)	{ Set list = $LB("柏木","小谷","北川","川西","加藤","吉川","鎌田") }
 ElseIf (x = 9)	{ Set list = $LB("岸田","木村","川口") }
 ElseIf (x = 10)	{ Set list = $LB("佐藤","嵯峨","新庄","鈴木","島","塩田") }
 ElseIf (x = 11)	{ Set list = $LB("斉藤","笹原","正田","品川","杉山","砂川") }
 ElseIf (x = 12)	{ Set list = $LB("桜井","清水","関口","白井","篠田","境","坂口","志村","芝戸","高橋","多久和") }
 ElseIf (x = 13)	{ Set list = $LB("竹林","高松","田畑","高柳","田村","高藤","鷹野","田中","田畑","武田","高岡","滝藤","土井","中村","永尾") }
 ElseIf (x = 14)	{ Set list = $LB("中沢","中村","長島","中本","中元","野田","西山","乗口","野口") }
 ElseIf (x = 15)	{ Set list = $LB("西野","西本","西原","内藤","藤居","成井","波内") }
 ElseIf (x = 16)	{ Set list = $LB("野村","野原","永井","長塚","中武","根本","林","広本","樋口","平田","尾藤","花木") }
 ElseIf (x = 17)	{ Set list = $LB("廣田","本間","藤木") }
 ElseIf (x = 18)	{ Set list = $LB("古川","古田","尾藤","福居","日高") }
 ElseIf (x = 19)	{ Set list = $LB("本田","原田","平山","浜屋","橋本","平本","福嶋","長谷川","平島","吉野","廣瀬","細田") }
 ElseIf (x = 20)	{ Set list = $LB("古館","早川","吉野","森本","松尾","松田","松本") }
 ElseIf (x = 21)	{ Set list = $LB("宮崎","三沢","宮本","前川") }
 ElseIf (x = 22)	{ Set list = $LB("三好","枡屋","武藤","森永") }
 ElseIf (x = 23)	{ Set list = $LB("望月","丸山","森","溝上","三浦","丸谷","山本","山崎","吉村","安田") }
 ElseIf (x = 24)	{ Set list = $LB("山中","柳井","横山") }
 ElseIf (x = 25)	{ Set list = $LB("柳","山野","山原","山口") }
 ElseIf (x = 26)	{ Set list = $LB("渡辺","渡部","渡邊") }
 Quit $LI(list,$Random($LL(list))+1)
]]></Implementation>
</Method>

<Method name="Mission">
<Description>
Returns a string containing a randomly generated corporate mission statement.</Description>
<ClassMethod>1</ClassMethod>
<ReturnType>%String</ReturnType>
<Implementation><![CDATA[
 Set c1=$LB("リーダ ","ディベロッパ ","プロバイダ ","Resellers of ","On-line distributors of ")
 Set c2=$LB("advanced ","InterNet ","cutting-edge ","breakthrough ","complex ","high-performance ","scalable ","cross-platform ","just-in-time ","open ","personal ","high-tech ","high-touch ","open-source ","virtual ","interactive ")
 Set c3=$LB("quantum ","nano-","hyper-","optical ","financial ","multi-media ","object-oriented ","broad-band ","secure ","digital ","Java ","Enterprise ","Linux-based ","genetic ","wireless ","satellite-based ","ISO 9003-ready ","Y3K-certified ")
 Set c4=$LB("devices and ","instrumentation ","graphical ","XML ","InterNet ","application development ","database ","data warehouse ","forecasting ","voice-enabled ","cold-fusion powered ")
 Set c5=$LB("services ","technologies ","media ","content ","middle-ware ","connectivity ","consulting ","pharmaceuticals ")
 Set c6=$LB("for the InterNet.","for the Financial community.","for discriminating investors.","for the Entertainment industry.","for the home.","for the Fortune 5.","for the Fortune 50.","for the Fortune 500.","for the Fortune 5000.","for the enterprise.","for the desktop.","for the Health Care community.")
 Quit $LI(c1,$Random($LL(c1))+1)_$LI(c2,$random($LL(c2))+1)_$LI(c3,$random($LL(c3))+1)_$LI(c4,$random($LL(c4))+1)_$LI(c5,$random($LL(c5))+1)_$LI(c6,$random($LL(c6))+1)
]]></Implementation>
</Method>

<Method name="Name">
<Description><![CDATA[
Returns a string containing a random name as <i>lastname,firstname</i>.
<p><var>gender</var> is a optional string used to control the 
gender of the generated name: 1 is Male, 2 = Female, "" is either.]]></Description>
<ClassMethod>1</ClassMethod>
<FormalSpec>gender:%String=""</FormalSpec>
<ReturnType>%String</ReturnType>
<Implementation><![CDATA[ Quit ..LastName()_"　"_..FirstName($g(gender))
]]></Implementation>
</Method>

<Method name="String">
<Description><![CDATA[
Returns a string value of length <var>len</var> 
of a random character_$r(9999).]]></Description>
<ClassMethod>1</ClassMethod>
<FormalSpec>len:%Integer=1</FormalSpec>
<ReturnType>%String</ReturnType>
<Implementation><![CDATA[
 s:'$g(len) len=1
 Set slist=$LB("メトロゴールド","モダンアミュズメント","モンスター","ラブラ","ラブラドル","ランドリー","ルショップシピー","レッドウッド","ロイヤルフラッシュ","６６６","フィラシューズ","フィールドライン","４５ｒｐｍ","フォワード","フラミンゴサルン","ブレイクビーツ","ボイコット","ボーダメイド","ポールスミス","ミリオンエア","メイドインワールド")
 s string=$List(slist,$R($LL(slist))+1)
 QUIT string
]]></Implementation>
</Method>

<Method name="Car">
<ClassMethod>1</ClassMethod>
<ReturnType>%String</ReturnType>
<Implementation><![CDATA[
 Set slist=$LB("カローラ","スカイライン","シビック","ステップワゴン","ラルフ","ランドクルーザー","クラウン","レクサス","ベンツ","SL1000","カリーナ","フィールド","フィルダー","318i","320i","コスモ","RX7","RX8","マーチ","フィット","プリメラ")
 Set string=$List(slist,$R($LL(slist))+1)
 QUIT string
]]></Implementation>
</Method>

<Method name="Maker">
<ClassMethod>1</ClassMethod>
<ReturnType>%String</ReturnType>
<Implementation><![CDATA[
 Set slist=$LB("BMW","メルセデス","GM","フォード","トヨタ","日産","ホンダ","マツダ","三菱","ダイハツ","スバル")
 s string=$List(slist,$R($LL(slist))+1)
 QUIT string
]]></Implementation>
</Method>

<Method name="Street">
<Description>
Returns a random street address.</Description>
<ClassMethod>1</ClassMethod>
<ReturnType>%String</ReturnType>
<Implementation><![CDATA[
 s t1=$lb("Maple","Ash","Elm","Oak","Main","First","Second","Washington","Franklin","Clinton","Madison")
 s t2=$lb("Street","Avenue","Blvd","Court","Place","Drive")
 Quit ($r(9999)+1)_" "_$li(t1,$r($ll(t1))+1)_" "_$li(t2,$r($ll(t2))+1)
]]></Implementation>
</Method>

<Method name="Title">
<Description>
Returns a random Job Title.</Description>
<ClassMethod>1</ClassMethod>
<ReturnType>%String</ReturnType>
<Implementation><![CDATA[
 Set t1=$LB("","上級","副","アシスタント","戦略","国際","研究","エグゼクティブ")
 Set t2=$LB("エンジニア","営業担当","サポートエンジニア","開発担当","マーケティングマネージャ","アカウント担当","リソースディレクタ","ディレクタ","製品マネージャ","リサーチアシスタント","システムエンジニア","テクニシャン","ウェブマスタ","管理者","製品スペシャリスト","会計士","衛生士")
 Quit $LI(t1,$Random($LL(t1))+1)_$LI(t2,$random($LL(t2))+1)
]]></Implementation>
</Method>

<Method name="JPNPhone">
<Description>
Returns a random JPN phone number.</Description>
<ClassMethod>1</ClassMethod>
<CodeMode>expression</CodeMode>
<ReturnType>%String</ReturnType>
<Implementation><![CDATA["0"_($Random(999))_"-"_($Random(9999))_"-"_($Random(9999))
]]></Implementation>
</Method>

<Method name="JPNZip">
<ClassMethod>1</ClassMethod>
<CodeMode>expression</CodeMode>
<ReturnType>%String</ReturnType>
<Implementation><![CDATA[($Random(899)+100)_"-"_($Random(8999)+1000)
]]></Implementation>
</Method>
</Class>
</Export>
