<?xml version="1.0" encoding="UTF-8"?>
<Export generator="Cache" version="25" zv="Cache for Windows (x86-64) 2013.1.1 (Build 501U)" ts="2013-07-09 11:29:29">
<Class name="User.CacheDirect">
<ProcedureBlock>1</ProcedureBlock>
<Super>%RegisteredObject</Super>
<TimeChanged>63012,41283.531211</TimeChanged>
<TimeCreated>59624,62110.976015</TimeCreated>

<Property name="P0">
<Type>%String</Type>
<Final>0</Final>
<Calculated>0</Calculated>
<Collection/>
<MultiDimensional>0</MultiDimensional>
<Private>0</Private>
<Relationship>0</Relationship>
<Required>0</Required>
<SqlComputed>0</SqlComputed>
<Transient>0</Transient>
<Parameter name="MAXLEN" value="32000"/>
<Parameter name="TRUNCATE" value="1"/>
</Property>

<Property name="P1">
<Type>%String</Type>
<Parameter name="MAXLEN" value="32000"/>
<Parameter name="TRUNCATE" value="1"/>
</Property>

<Property name="P2">
<Type>%String</Type>
<Parameter name="MAXLEN" value="32000"/>
<Parameter name="TRUNCATE" value="1"/>
</Property>

<Property name="P3">
<Type>%String</Type>
<Parameter name="MAXLEN" value="32000"/>
<Parameter name="TRUNCATE" value="1"/>
</Property>

<Property name="P4">
<Type>%String</Type>
<Parameter name="MAXLEN" value="32000"/>
<Parameter name="TRUNCATE" value="1"/>
</Property>

<Property name="P5">
<Type>%String</Type>
<Parameter name="MAXLEN" value="32000"/>
<Parameter name="TRUNCATE" value="1"/>
</Property>

<Property name="P6">
<Type>%String</Type>
<Parameter name="MAXLEN" value="32000"/>
<Parameter name="TRUNCATE" value="1"/>
</Property>

<Property name="P7">
<Type>%String</Type>
<Parameter name="MAXLEN" value="32000"/>
<Parameter name="TRUNCATE" value="1"/>
</Property>

<Property name="P8">
<Type>%String</Type>
<Parameter name="MAXLEN" value="32000"/>
<Parameter name="TRUNCATE" value="1"/>
</Property>

<Property name="P9">
<Type>%String</Type>
<Parameter name="MAXLEN" value="32000"/>
<Parameter name="TRUNCATE" value="1"/>
</Property>

<Property name="Code">
<Type>%String</Type>
<Parameter name="MAXLEN" value="32000"/>
<Parameter name="TRUNCATE" value="1"/>
</Property>

<Property name="Value">
<Type>%String</Type>
<Final>0</Final>
<Calculated>0</Calculated>
<Collection/>
<MultiDimensional>0</MultiDimensional>
<Private>0</Private>
<Relationship>0</Relationship>
<Required>0</Required>
<SqlComputed>0</SqlComputed>
<Transient>0</Transient>
<Parameter name="MAXLEN" value="32000"/>
<Parameter name="TRUNCATE" value="1"/>
</Property>

<Property name="PLIST">
<Type>%String</Type>
<Parameter name="MAXLEN" value="32000"/>
<Parameter name="TRUNCATE" value="1"/>
</Property>

<Property name="PDELIM">
<Type>%String</Type>
<InitialExpression>$C(13,10)</InitialExpression>
<Parameter name="TRUNCATE" value="1"/>
</Property>

<Property name="ExecFlag">
<Type>%Boolean</Type>
</Property>

<Property name="iErrorName">
<Type>%String</Type>
<Private>1</Private>
</Property>

<Property name="iError">
<Type>%Integer</Type>
<InitialExpression>0</InitialExpression>
<Private>1</Private>
</Property>

<Property name="ErrorName">
<Type>%String</Type>
<Calculated>1</Calculated>
<ReadOnly>1</ReadOnly>
</Property>

<Property name="Error">
<Type>%Integer</Type>
<Calculated>1</Calculated>
<ReadOnly>1</ReadOnly>
</Property>

<Method name="ErrorNameGet">
<ReturnType>%String</ReturnType>
<Implementation><![CDATA[	quit ..iErrorName
]]></Implementation>
</Method>

<Method name="ErrorGet">
<ReturnType>%Integer</ReturnType>
<Implementation><![CDATA[	quit ..iError
]]></Implementation>
</Method>

<Method name="getPLIST">
<FormalSpec>offset:%Integer</FormalSpec>
<ReturnType>%String</ReturnType>
<Implementation><![CDATA[	quit $piece(..PLIST,..PDELIM,offset)
]]></Implementation>
</Method>

<Method name="setPLIST">
<FormalSpec>offset:%Integer,value:%String</FormalSpec>
<Implementation><![CDATA[	set $piece(..PLIST,..PDELIM,offset) = value
]]></Implementation>
</Method>

<Method name="Execute">
<Final>0</Final>
<ClassMethod>0</ClassMethod>
<CodeMode>code</CodeMode>
<FormalSpec>Command:%String</FormalSpec>
<Private>0</Private>
<PublicList>P0,P1,P2,P3,P4,P5,P6,P7,P8,P9,PLIST,PDELIM</PublicList>
<ReturnType>%Integer</ReturnType>
<SqlProc>0</SqlProc>
<Implementation><![CDATA[
 try {
	  if ($extract(Command,1) = "=") {		   
         set ecommand="Set %result="_$extract(Command,2,9999)
	  }
      else {
	         set ecommand = Command
      }
      set P0=..P0
      set P1=..P1
      set P2=..P2
      set P3=..P3
      set P4=..P4
      set P5=..P5
      set P6=..P6
      set P7=..P7
      set P8=..P8
      set P9=..P9
      set tPLIST=..PLIST
      set PDELIM = ..PDELIM
      for i = 1:1:$length(tPLIST,PDELIM) {
	      set PLIST(i) = $piece(tPLIST,PDELIM,i)
      }
      set ..iErrorName = ""
      set ..iError = 0
 
      xecute ecommand
      
      if $data(%result) set ..Value=%result
      set ..P0 = P0
      set ..P1 = P1
      set ..P2 = P2
      set ..P3 = P3
      set ..P4 = P4
      set ..P5 = P5
      set ..P6 = P6
      set ..P7 = P7
      set ..P8 = P8
      set ..P9 = P9
      set tPLast = +$get(PLIST)
      // PLISTが明示的に設定されていない場合には実際のPLIST()の配列を参照して最高値を得る
      // PLISTが明示的に設定されている場合にはPLIST()の全てのデータを取得しないケースもあり
      if tPLast < 1 set tPLast = +$Order(PLIST(""),-1)
      set tPLIST = $get(PLIST(1))
      for i = 2:1:tPLast {
	      set tPLIST = tPLIST_PDELIM_$get(PLIST(i))
      }
      set ..PLIST = tPLIST
 }
 catch error {
	 set ..iErrorName = error.Name
	 set ..iError = 1
 }
 if ..iError = 1 {
	 quit 0
 }
 quit 1
]]></Implementation>
</Method>
</Class>
</Export>
